guest_id,name,phone,nationality,member_tier,stay_count
1,Haruto Suzuki,+8153287046,Japanese,Silver,3
2,Mia White,+6160495660,Australian,Silver,3
3,Anna Fischer,+4963981558,German,Gold,7
4,Marie Müller,+4933029011,German,Regular,2
5,Jessica Miller,+107262401,American,Gold,6
6,Olga Volkov,+753613866,Russian,Gold,6
7,ปรีชา วงศ์วิวัฒน์,0882788029,Thai,Regular,1
8,Anna Schneider,+4940329416,German,Silver,5
9,Charlotte Brown,+4413015177,British,Silver,3
10,Sophie Smith,+4444165841,British,Silver,4
11,Olga Volkov,+748704383,Russian,Regular,2
12,Priya Sharma,+9189171358,Indian,Regular,2
13,Sota Takahashi,+8189098689,Japanese,Regular,2
14,Ivan Petrov,+798806138,Russian,Silver,3
15,Sakura Watanabe,+8150832970,Japanese,Regular,2
16,Oliver Wilson,+4450314513,British,Regular,2
17,Dmitry Kuznetsova,+790599564,Russian,Regular,2
18,Ivan Ivanova,+779072797,Russian,Regular,1
19,Lukas Schmidt,+4962721859,German,Regular,2
20,Ji-woo Jung,+8204561584,Korean,Silver,3
21,Wei Huang,+8624281521,Chinese,Regular,2
22,Anna Schmidt,+4940099768,German,Regular,2
23,Sergei Petrov,+752862136,Russian,Regular,1
24,Neha Gupta,+9135125447,Indian,Silver,4
25,Zoe Harris,+6130398604,Australian,Regular,2
26,Ekaterina Smirnov,+729650273,Russian,Regular,2
27,Ha-eun Jung,+8213187642,Korean,Regular,2
28,Harry Wilson,+4429081756,British,Silver,3
29,Wei Zhao,+8673232309,Chinese,Regular,1
30,Sophie Davies,+4467788964,British,Regular,2
31,Ekaterina Smirnov,+746769882,Russian,Regular,1
32,Ivan Ivanova,+722774005,Russian,Silver,4
33,Jessica Miller,+158858718,American,Regular,1
34,Hui Zhang,+8629685001,Chinese,Silver,4
35,Sergei Ivanova,+760479890,Russian,Regular,2
36,ณัฐพล ทองดี,0820311503,Thai,Regular,2
37,Sarah Williams,+111065883,American,Silver,4
38,สมหญิง ทองดี,0833951439,Thai,Silver,3
39,Jing Huang,+8629275552,Chinese,Regular,1
40,Anjali Sharma,+9159555418,Indian,Regular,2
41,Ryan Teo,+6593756654,Singaporean,Regular,2
42,Liam Martin,+6192223519,Australian,Silver,3
43,Lukas Müller,+4936428592,German,Regular,2
44,Dmitry Ivanova,+700036209,Russian,Silver,3
45,Tan Cheah,+6099681849,Malaysian,Regular,1
46,Anna Petrov,+734211627,Russian,Regular,1
47,Marie Schmidt,+4937252905,German,Regular,2
48,Harry Davies,+4426940661,British,Regular,2
49,ปรีชา พงษ์พันธ์,0808520165,Thai,Regular,1
50,Lei Zhao,+8658818560,Chinese,Silver,3
51,Shermaine Goh,+6535875811,Singaporean,Silver,3
52,Jonas Fischer,+4963649485,German,Regular,2
53,Rahul Gupta,+9155797366,Indian,Regular,1
54,Dmitry Petrov,+709774080,Russian,Regular,1
55,Wei Zhao,+8630985297,Chinese,Regular,1
56,Min-jun Lee,+8262541065,Korean,Regular,1
57,Haruto Suzuki,+8137351243,Japanese,Regular,1
58,Ekaterina Smirnov,+759518907,Russian,Regular,1
59,Yan Chen,+8650077200,Chinese,Regular,1
60,Jonas Müller,+4935469359,German,Regular,2
61,Hui Zhao,+8654955920,Chinese,Regular,1
62,Wei Huang,+8639047069,Chinese,Silver,3
63,Chris Garcia,+126396771,American,Regular,1
64,Jia Hui Teo,+6543689811,Singaporean,Silver,4
65,Dmitry Kuznetsova,+769323649,Russian,Regular,1
66,Sarah Davis,+191393359,American,Regular,2
67,Min-jun Lee,+8276404170,Korean,Regular,1
68,Lukas Schmidt,+4951856208,German,Regular,2
69,Lei Yang,+8662827820,Chinese,Regular,1
70,Ekaterina Kuznetsova,+794595653,Russian,Regular,2
71,Jessica Johnson,+175899977,American,Regular,1
72,Ahmad Abdullah,+6029626596,Malaysian,Regular,2
73,Hui Yang,+8619506819,Chinese,Regular,2
74,Tan Kumar,+6012115065,Malaysian,Regular,2
75,James Davies,+4478807850,British,Regular,2
76,Sophie Jones,+4470979590,British,Regular,1
77,มานี อินทรีย์,0824383388,Thai,Regular,1
78,Ahmad Wong,+6016290477,Malaysian,Regular,2
79,Min-jun Park,+8254796321,Korean,Regular,2
80,Harry Smith,+4480999813,British,Regular,1
81,Chris Johnson,+159521381,American,Regular,2
82,Seo-yeon Kang,+8277361974,Korean,Regular,1
83,Aoi Takahashi,+8128024521,Japanese,Regular,1
84,อรวรรณ อินทรีย์,0822412453,Thai,Regular,1
85,Seo-yeon Park,+8231944602,Korean,Regular,2
86,Faizal Kumar,+6003487434,Malaysian,Regular,2
87,Ming Yang,+8690587683,Chinese,Regular,1
88,ปรีชา ใจดี,0848081292,Thai,Regular,2
89,Emma Wilson,+4403761072,British,Regular,2
90,Anna Volkov,+715807267,Russian,Regular,1
91,Oliver Jones,+4402502103,British,Regular,1
92,Emma Taylor,+4454534908,British,Regular,1
93,Min-jun Lee,+8279307032,Korean,Regular,1
94,สมชาย อินทรีย์,0844201377,Thai,Regular,2
95,มานี ทองดี,0877208663,Thai,Regular,1
96,Faizal Ibrahim,+6033644447,Malaysian,Regular,2
97,Min-jun Lee,+8275083991,Korean,Silver,3
98,Olga Petrov,+757928594,Russian,Regular,2
99,Min-jun Choi,+8293093270,Korean,Regular,1
100,Dmitry Volkov,+737822666,Russian,Silver,3
101,Ivan Kuznetsova,+730450546,Russian,Regular,1
102,Ming Zhao,+8625468232,Chinese,Regular,1
103,Lena Schneider,+4932678452,German,Regular,1
104,Sakura Takahashi,+8194939209,Japanese,Regular,1
105,สมหญิง สายทอง,0861959435,Thai,Regular,1
106,Sophie Smith,+4432559043,British,Regular,2
107,Lena Müller,+4966514261,German,Regular,2
108,ณัฐพล ศรีสุข,0811373380,Thai,Regular,2
109,Ha-eun Jung,+8271731259,Korean,Regular,1
110,Siti Kumar,+6026058242,Malaysian,Regular,2
111,Chris Davis,+169793525,American,Regular,1
112,มานี วงศ์วิวัฒน์,0851879322,Thai,Regular,1
113,ปรีชา แสงจันทร์,0855389857,Thai,Regular,2
114,Min-jun Park,+8250496428,Korean,Regular,1
115,ปรีชา วงศ์วิวัฒน์,0896906356,Thai,Regular,1
116,ปรีชา ใจดี,0800931920,Thai,Regular,2
117,Lei Wang,+8692450197,Chinese,Regular,2
118,Lena Schmidt,+4977176059,German,Regular,2
119,Wei Chen,+8693413053,Chinese,Regular,1
120,Xiu Chen,+8697367737,Chinese,Regular,2
121,พิมพ์ใจ แสงจันทร์,0815814541,Thai,Regular,1
122,Ivan Kuznetsova,+771930458,Russian,Regular,2
123,Anjali Kumar,+9108474989,Indian,Regular,1
124,Vikram Gupta,+9128470061,Indian,Regular,1
125,Ekaterina Smirnov,+726379743,Russian,Regular,2
126,Wei Zhao,+8662789625,Chinese,Regular,1
127,Ahmad Cheah,+6095776474,Malaysian,Regular,1
128,Lim Wong,+6076181704,Malaysian,Regular,1
129,Xiu Huang,+8645751765,Chinese,Regular,2
130,Jing Chen,+8610791852,Chinese,Regular,2
131,Aoi Suzuki,+8149244369,Japanese,Regular,2
132,Siti Abdullah,+6033081130,Malaysian,Regular,1
133,พิมพ์ใจ รักเรียน,0805015793,Thai,Regular,2
134,Yui Watanabe,+8175694978,Japanese,Regular,1
135,จิรายุ ทองดี,0879151486,Thai,Regular,1
136,ณัฐพล พงษ์พันธ์,0853699737,Thai,Regular,1
137,ปรีชา อินทรีย์,0873057478,Thai,Regular,1
138,Chris Johnson,+146284053,American,Regular,1
139,วิชัย อินทรีย์,0885934390,Thai,Regular,1
140,Lei Wang,+8613405084,Chinese,Regular,1
141,Do-hyun Choi,+8299964626,Korean,Regular,1
142,กมลวรรณ ทองดี,0830519148,Thai,Regular,1
143,Wei Zhao,+8623536962,Chinese,Regular,1
144,Ming Wang,+8641492436,Chinese,Regular,1
145,Li Zhang,+8685959282,Chinese,Regular,1
146,Jonas Schmidt,+4977859352,German,Regular,1
147,Ha-eun Jung,+8265908066,Korean,Regular,1
148,Ming Chen,+8666498174,Chinese,Regular,1
149,สมชาย วงศ์วิวัฒน์,0870890481,Thai,Regular,1
150,Haruto Watanabe,+8123456950,Japanese,Regular,2
151,James Jones,+4486940337,British,Regular,2
152,Hui Liu,+8618667004,Chinese,Regular,2
153,Chris Garcia,+119073854,American,Regular,1
154,Felix Fischer,+4979116696,German,Regular,1
155,พิมพ์ใจ บุญมี,0878149812,Thai,Regular,1
156,Liam Anderson,+6107332897,Australian,Regular,1
157,พิมพ์ใจ สายทอง,0845838099,Thai,Regular,1
158,สมชาย ใจดี,0849972949,Thai,Regular,1
159,Harry Brown,+4463762335,British,Regular,1
160,Liam Harris,+6154164931,Australian,Regular,1
161,Wei Zhao,+8697498319,Chinese,Regular,2
162,Jing Zhang,+8661105669,Chinese,Regular,2
163,Sergei Ivanova,+759504087,Russian,Regular,1
164,Xiu Chen,+8626323586,Chinese,Regular,2
165,ณัฐพล ทองดี,0872773668,Thai,Regular,1
166,Xiu Yang,+8681043064,Chinese,Regular,1
167,Seo-yeon Choi,+8252749639,Korean,Regular,1
168,Ryan Lim,+6597317727,Singaporean,Regular,2
169,Faizal Kumar,+6053893859,Malaysian,Regular,1
170,Ha-eun Kim,+8285567013,Korean,Regular,2
171,วิชัย สายทอง,0848580908,Thai,Silver,3
172,Ha-eun Lee,+8278723683,Korean,Regular,1
173,ศิริพร วงศ์วิวัฒน์,0872164774,Thai,Regular,1
174,Seo-yeon Park,+8235253965,Korean,Regular,1
175,James Wilson,+4478637437,British,Regular,1
176,Lim Cheah,+6087900266,Malaysian,Regular,2
177,Ming Chen,+8644487056,Chinese,Regular,1
178,Lena Schmidt,+4970147154,German,Regular,1
179,มานี ทองดี,0878868803,Thai,Regular,1
180,Charlotte Taylor,+4436657194,British,Regular,1
181,Nurul Wong,+6030198406,Malaysian,Regular,1
182,Dmitry Petrov,+715540827,Russian,Regular,1
183,สมหญิง แสงจันทร์,0831958537,Thai,Regular,1
184,Ming Wang,+8642959118,Chinese,Regular,1
185,Yui Sato,+8175173819,Japanese,Regular,1
186,Haruto Sato,+8122049404,Japanese,Regular,1
187,Sergei Kuznetsova,+725921199,Russian,Regular,1
188,วิชัย สายทอง,0823156978,Thai,Regular,1
189,Wei Huang,+8688744985,Chinese,Regular,1
190,จิรายุ แสงจันทร์,0807870657,Thai,Regular,1
191,Rahul Patel,+9197904733,Indian,Regular,1
192,Li Zhao,+8693885426,Chinese,Regular,1
193,ธนากร อินทรีย์,0825817324,Thai,Regular,1
194,Hui Chen,+8636820163,Chinese,Regular,1
195,Mia White,+6129126851,Australian,Regular,1
196,ปรีชา วงศ์วิวัฒน์,0876465948,Thai,Regular,2
197,Ha-eun Jung,+8212963193,Korean,Regular,1
198,Amit Singh,+9140644740,Indian,Regular,1
199,Lukas Schmidt,+4942926012,German,Regular,2
200,Jonas Schmidt,+4994250070,German,Silver,3
201,Neha Kumar,+9147897189,Indian,Regular,1
202,Anna Schmidt,+4948248085,German,Silver,4
203,Rahul Patel,+9145061820,Indian,Regular,2
204,Seo-yeon Kang,+8204248026,Korean,Regular,1
205,Sakura Watanabe,+8190902431,Japanese,Regular,1
206,จิรายุ ใจดี,0888846667,Thai,Regular,2
207,Faizal Cheah,+6048364435,Malaysian,Regular,1
208,กมลวรรณ ศรีสุข,0854504915,Thai,Regular,1
209,Mei Ling Abdullah,+6084425159,Malaysian,Regular,1
210,กมลวรรณ บุญมี,0878947657,Thai,Regular,1
211,Xiu Liu,+8633968393,Chinese,Regular,1
212,Sarah Williams,+197135132,American,Regular,1
213,Mei Ling Rahman,+6059582503,Malaysian,Silver,4
214,Anna Weber,+4961211405,German,Regular,1
215,Hui Huang,+8627494703,Chinese,Regular,1
216,Oliver Smith,+4409832430,British,Regular,1
217,James Wilson,+4439196282,British,Regular,1
218,Ren Sato,+8172763048,Japanese,Regular,1
219,David Davis,+165273273,American,Regular,1
220,Amit Reddy,+9131819200,Indian,Regular,1
221,ณัฐพล บุญมี,0893597913,Thai,Regular,1
222,สมชาย บุญมี,0813831312,Thai,Regular,2
223,พิมพ์ใจ รักเรียน,0834001882,Thai,Regular,1
224,Vikram Reddy,+9147885679,Indian,Regular,1
225,Ha-eun Choi,+8277857271,Korean,Regular,1
226,Lei Wang,+8640296505,Chinese,Regular,1
227,ศิริพร อินทรีย์,0867696060,Thai,Regular,2
228,มานี บุญมี,0843961096,Thai,Regular,1
229,Ivan Volkov,+702469519,Russian,Regular,1
230,Ahmad Ibrahim,+6015877422,Malaysian,Regular,1
231,James Davies,+4448357583,British,Regular,1
232,Neha Singh,+9137196364,Indian,Regular,1
233,Yan Zhao,+8687915569,Chinese,Regular,1
234,Rahul Kumar,+9147894161,Indian,Regular,2
235,Siti Cheah,+6046053076,Malaysian,Regular,2
236,อรวรรณ วงศ์วิวัฒน์,0892520083,Thai,Regular,1
237,Shermaine Ng,+6576981790,Singaporean,Regular,1
238,พิมพ์ใจ ทองดี,0889595661,Thai,Regular,2
239,Sota Takahashi,+8128548389,Japanese,Regular,1
240,Felix Müller,+4919118716,German,Regular,1
241,Faizal Rahman,+6093159057,Malaysian,Regular,2
242,พิมพ์ใจ พงษ์พันธ์,0860815087,Thai,Regular,1
243,Shermaine Teo,+6556115247,Singaporean,Regular,1
244,Liam Harris,+6165839934,Australian,Regular,1
245,Anjali Reddy,+9172823229,Indian,Regular,1
246,ณัฐพล ทองดี,0804072543,Thai,Regular,1
247,สมชาย ใจดี,0820594840,Thai,Regular,1
248,Dmitry Smirnov,+737407238,Russian,Regular,2
249,Ren Takahashi,+8152823515,Japanese,Regular,1
250,Jing Liu,+8613751732,Chinese,Regular,1
251,กมลวรรณ ใจดี,0815026704,Thai,Regular,1
252,ธนากร พงษ์พันธ์,0899638978,Thai,Silver,3
253,Haruto Suzuki,+8109229475,Japanese,Regular,1
254,Ji-woo Kim,+8202078510,Korean,Regular,1
255,Tan Wong,+6013215485,Malaysian,Regular,1
256,Yui Suzuki,+8104137006,Japanese,Regular,2
257,Jia Hui Lim,+6507980778,Singaporean,Regular,2
258,Dmitry Petrov,+765675097,Russian,Regular,1
259,Ji-woo Choi,+8296224650,Korean,Regular,1
260,Mia Anderson,+6121771400,Australian,Regular,1
261,อรวรรณ บุญมี,0860028666,Thai,Regular,1
262,Lei Zhao,+8669267221,Chinese,Regular,1
263,กมลวรรณ อินทรีย์,0816925723,Thai,Regular,2
264,Siti Ibrahim,+6019291199,Malaysian,Regular,1
265,Aoi Sato,+8146719918,Japanese,Regular,1
266,Liam Anderson,+6171081117,Australian,Regular,2
267,Ryan Ng,+6536500267,Singaporean,Regular,1
268,Jonas Fischer,+4914286632,German,Regular,1
269,Jessica Davis,+158813193,American,Regular,1
270,Ahmad Ibrahim,+6045591694,Malaysian,Regular,1
271,มานี ทองดี,0886634908,Thai,Regular,1
272,Nurul Cheah,+6014181101,Malaysian,Regular,1
273,Ahmad Wong,+6004382744,Malaysian,Regular,1
274,Sakura Tanaka,+8170502359,Japanese,Regular,1
275,Sergei Kuznetsova,+733927679,Russian,Regular,1
276,Oliver Brown,+4449404787,British,Regular,1
277,มานี แสงจันทร์,0802983748,Thai,Regular,1
278,พิมพ์ใจ สายทอง,0883872116,Thai,Regular,1
279,Ahmad Rahman,+6008539676,Malaysian,Regular,1
280,Li Zhang,+8625371300,Chinese,Regular,1
281,Lim Rahman,+6015490450,Malaysian,Regular,1
282,ศิริพร สายทอง,0812930733,Thai,Regular,1
283,Tan Cheah,+6068715515,Malaysian,Regular,1
284,Lena Müller,+4905821767,German,Regular,1
285,อรวรรณ วงศ์วิวัฒน์,0854535894,Thai,Regular,1
286,Ashley Miller,+114986190,American,Regular,1
287,Aoi Takahashi,+8186661874,Japanese,Regular,1
288,Shermaine Lim,+6528972632,Singaporean,Regular,1
289,มานี ทองดี,0857207371,Thai,Silver,3
290,Marie Müller,+4960554778,German,Regular,2
291,วิชัย ใจดี,0878418015,Thai,Regular,2
292,Seo-yeon Park,+8290964600,Korean,Regular,1
293,Do-hyun Choi,+8277788886,Korean,Regular,1
294,David Miller,+153868454,American,Regular,1
295,Lei Wang,+8635210169,Chinese,Regular,1
296,Yan Chen,+8641149755,Chinese,Regular,1
297,มานี อินทรีย์,0802951256,Thai,Regular,2
298,Li Wang,+8603183221,Chinese,Regular,1
299,Anna Schmidt,+4922654861,German,Regular,1
300,Li Huang,+8670229785,Chinese,Regular,1
301,Sakura Takahashi,+8104926783,Japanese,Regular,1
302,Yan Yang,+8655213680,Chinese,Regular,1
303,Min-jun Choi,+8287746274,Korean,Regular,1
304,พิมพ์ใจ วงศ์วิวัฒน์,0846563398,Thai,Regular,1
305,Sophie Wilson,+4468524034,British,Regular,1
306,Wei Zhang,+8630286477,Chinese,Regular,1
307,Li Huang,+8643288970,Chinese,Regular,1
308,Sakura Tanaka,+8164559081,Japanese,Regular,1
309,Rajesh Sharma,+9136986685,Indian,Regular,2
310,Ahmad Kumar,+6093288326,Malaysian,Regular,1
311,Wei Wang,+8602712731,Chinese,Regular,2
312,จิรายุ พงษ์พันธ์,0822022619,Thai,Regular,1
313,Siti Rahman,+6074634837,Malaysian,Regular,2
314,Do-hyun Kang,+8246156870,Korean,Regular,2
315,Siti Kumar,+6087485953,Malaysian,Regular,1
316,Haruto Suzuki,+8155638438,Japanese,Regular,1
317,วิชัย ศรีสุข,0836067520,Thai,Regular,1
318,Ming Zhao,+8682458083,Chinese,Regular,1
319,Yan Yang,+8614849704,Chinese,Regular,2
320,Lim Abdullah,+6099277545,Malaysian,Regular,2
321,Seo-yeon Kang,+8217649003,Korean,Regular,1
322,Li Chen,+8608632756,Chinese,Regular,1
323,Lena Müller,+4983476129,German,Regular,1
324,ธนากร วงศ์วิวัฒน์,0811837753,Thai,Regular,1
325,อรวรรณ ศรีสุข,0872286826,Thai,Regular,1
326,Jing Liu,+8624060800,Chinese,Regular,1
327,Sergei Kuznetsova,+767487983,Russian,Regular,2
328,Jack Anderson,+6195214833,Australian,Regular,2
329,Nurul Ibrahim,+6070176858,Malaysian,Regular,1
330,จิรายุ บุญมี,0877539214,Thai,Regular,1
331,Chris Johnson,+135455781,American,Regular,1
332,Mei Ling Cheah,+6051999872,Malaysian,Regular,1
333,Min-jun Jung,+8287296127,Korean,Regular,1
334,สมชาย สายทอง,0897726067,Thai,Regular,1
335,Yui Takahashi,+8151541955,Japanese,Regular,1
336,Sakura Suzuki,+8194053238,Japanese,Regular,1
337,Chloe White,+6146331346,Australian,Regular,1
338,Jessica Davis,+158497722,American,Regular,1
339,Ashley Davis,+166416962,American,Regular,1
340,Ryan Lim,+6568089308,Singaporean,Regular,2
341,Felix Fischer,+4974418909,German,Regular,1
342,Ren Sato,+8114541269,Japanese,Regular,1
343,สมชาย อินทรีย์,0816649515,Thai,Regular,1
344,Lim Ibrahim,+6053944034,Malaysian,Regular,1
345,Felix Schmidt,+4912727230,German,Regular,1
346,Harry Wilson,+4440503920,British,Regular,1
347,Ha-eun Jung,+8239170549,Korean,Regular,2
348,David Johnson,+109738642,American,Regular,1
349,Lei Zhang,+8699138829,Chinese,Regular,1
350,Michael Johnson,+136622873,American,Regular,1
351,อรวรรณ รักเรียน,0854751744,Thai,Regular,1
352,Hui Liu,+8623426667,Chinese,Regular,1
353,Yui Suzuki,+8147960169,Japanese,Regular,2
354,Nurul Rahman,+6046271518,Malaysian,Regular,1
355,Ryan Koh,+6581050308,Singaporean,Regular,1
356,Min-jun Choi,+8243792859,Korean,Regular,1
357,Mia Anderson,+6101256652,Australian,Regular,1
358,ปรีชา วงศ์วิวัฒน์,0871268298,Thai,Regular,1
359,Chloe White,+6182836889,Australian,Regular,1
360,ศิริพร ทองดี,0824095711,Thai,Regular,1
361,Yan Yang,+8606622792,Chinese,Regular,1
362,Haruto Tanaka,+8114513143,Japanese,Regular,1
363,Michael Davis,+155093719,American,Regular,1
364,ธนากร อินทรีย์,0805048543,Thai,Regular,1
365,Shermaine Ng,+6515594825,Singaporean,Regular,1
366,จิรายุ แสงจันทร์,0839324742,Thai,Regular,1
367,Ryan Goh,+6599800651,Singaporean,Regular,2
368,Yan Liu,+8682578567,Chinese,Regular,1
369,Sophie Jones,+4483805679,British,Regular,1
370,Ming Yang,+8655060863,Chinese,Regular,1
371,ศิริพร แสงจันทร์,0800963113,Thai,Regular,2
372,อรวรรณ รักเรียน,0891470566,Thai,Regular,2
373,ศิริพร พงษ์พันธ์,0855570303,Thai,Regular,1
374,Hui Zhang,+8631885890,Chinese,Regular,1
375,Ahmad Kumar,+6031990119,Malaysian,Regular,1
376,Anna Kuznetsova,+775068092,Russian,Regular,2
377,สมชาย แสงจันทร์,0890784324,Thai,Regular,2
378,ศิริพร ทองดี,0882218588,Thai,Regular,2
379,Anna Fischer,+4900957587,German,Regular,1
380,Anna Smirnov,+777197109,Russian,Regular,1
381,สมหญิง พงษ์พันธ์,0863655877,Thai,Regular,1
382,วิชัย วงศ์วิวัฒน์,0863011377,Thai,Regular,1
383,กมลวรรณ ทองดี,0805914568,Thai,Regular,1
384,สมชาย อินทรีย์,0893824754,Thai,Regular,1
385,Min-jun Jung,+8235460569,Korean,Regular,1
386,Amit Singh,+9100158108,Indian,Regular,1
387,จิรายุ อินทรีย์,0871478397,Thai,Regular,1
388,Wei Chen,+8654484732,Chinese,Regular,1
389,Anjali Singh,+9181626544,Indian,Regular,1
390,ศิริพร รักเรียน,0800318433,Thai,Regular,1
391,Ekaterina Petrov,+709224497,Russian,Regular,1
392,Yan Zhao,+8665239878,Chinese,Regular,1
393,Xiu Zhao,+8645584355,Chinese,Regular,1
394,Anjali Sharma,+9182981155,Indian,Regular,1
395,อรวรรณ พงษ์พันธ์,0842444006,Thai,Regular,1
396,Rahul Sharma,+9179661105,Indian,Regular,1
397,Ming Chen,+8686781580,Chinese,Regular,1
398,พิมพ์ใจ แสงจันทร์,0869546339,Thai,Regular,1
399,Nurul Cheah,+6025023648,Malaysian,Regular,1
400,Rahul Kumar,+9106319354,Indian,Regular,1
401,Xiu Chen,+8682477515,Chinese,Regular,1
402,Ivan Petrov,+702389224,Russian,Regular,1
403,Olga Petrov,+777270386,Russian,Regular,1
404,ศิริพร บุญมี,0806164523,Thai,Regular,1
405,จิรายุ แสงจันทร์,0831806708,Thai,Regular,1
406,Rajesh Sharma,+9104436483,Indian,Regular,1
407,Priya Kumar,+9142018178,Indian,Regular,1
408,Hui Zhao,+8626676418,Chinese,Regular,1
409,Zoe Martin,+6163492625,Australian,Regular,1
410,สมชาย บุญมี,0806001162,Thai,Regular,1
411,Charlotte Brown,+4481254861,British,Regular,2
412,Mei Ling Wong,+6086377870,Malaysian,Regular,1
413,อรวรรณ ศรีสุข,0859267805,Thai,Regular,1
414,Ivan Kuznetsova,+784189285,Russian,Regular,1
415,Yan Zhao,+8667521516,Chinese,Regular,1
416,Ha-eun Lee,+8247768500,Korean,Silver,3
417,Sarah Davis,+157394746,American,Regular,1
418,Lim Cheah,+6051395283,Malaysian,Regular,1
419,Sota Watanabe,+8112669676,Japanese,Regular,1
420,Jia Hui Teo,+6577966395,Singaporean,Regular,1
421,สมชาย รักเรียน,0824468797,Thai,Regular,1
422,Seo-yeon Kang,+8212433275,Korean,Regular,2
423,Mei Ling Wong,+6093614751,Malaysian,Regular,1
424,Vikram Reddy,+9177807424,Indian,Regular,1
425,Rahul Kumar,+9157073848,Indian,Regular,1
426,ศิริพร วงศ์วิวัฒน์,0829648151,Thai,Silver,3
427,Xiu Zhang,+8618314286,Chinese,Regular,1
428,Rajesh Gupta,+9155165181,Indian,Regular,2
429,Wei Yang,+8607406058,Chinese,Regular,1
430,Do-hyun Lee,+8284930289,Korean,Regular,2
431,Tan Kumar,+6012581075,Malaysian,Regular,2
432,Ming Zhao,+8627900154,Chinese,Regular,2
433,Xiu Zhao,+8632208290,Chinese,Regular,1
434,Priya Singh,+9151635349,Indian,Regular,1
435,Mia Martin,+6148955068,Australian,Regular,1
436,วิชัย รักเรียน,0806378606,Thai,Regular,1
437,จิรายุ สายทอง,0860294032,Thai,Regular,2
438,Mei Ling Kumar,+6033320922,Malaysian,Regular,1
439,Jack White,+6170725999,Australian,Regular,1
440,กมลวรรณ ใจดี,0851282960,Thai,Regular,1
441,Lukas Fischer,+4985674440,German,Regular,1
442,Xiu Wang,+8670127922,Chinese,Regular,2
443,สมชาย รักเรียน,0825044184,Thai,Regular,1
444,Siti Ibrahim,+6050211635,Malaysian,Regular,1
445,David Johnson,+140640922,American,Regular,2
446,Wei Ming Teo,+6518035086,Singaporean,Regular,1
447,Dmitry Ivanova,+712345122,Russian,Regular,1
448,Jonas Weber,+4953700151,German,Regular,1
449,ธนากร พงษ์พันธ์,0857256287,Thai,Regular,1
450,สมชาย ใจดี,0826244683,Thai,Regular,1
451,Hui Zhao,+8670351752,Chinese,Regular,1
452,Ming Wang,+8640043823,Chinese,Regular,1
453,Yan Zhang,+8643137166,Chinese,Regular,1
454,Sarah Williams,+176399948,American,Regular,1
455,Jia Hui Teo,+6558217557,Singaporean,Regular,1
456,ธนากร แสงจันทร์,0860454134,Thai,Regular,1
457,Zoe Anderson,+6174099846,Australian,Regular,1
458,Nurul Wong,+6022665949,Malaysian,Regular,1
459,Min-jun Kang,+8233959284,Korean,Regular,1
460,Liam Thompson,+6136397296,Australian,Regular,1
461,Ming Wang,+8637809854,Chinese,Silver,3
462,Olga Ivanova,+736555696,Russian,Regular,1
463,Hui Zhao,+8661281996,Chinese,Regular,1
464,Daniel Teo,+6557483811,Singaporean,Regular,1
465,Xiu Liu,+8681081640,Chinese,Regular,1
466,Ryan Lim,+6506713547,Singaporean,Regular,1
467,Lim Wong,+6042617700,Malaysian,Regular,2
468,Liam Harris,+6152537961,Australian,Regular,1
469,Mei Ling Cheah,+6005228980,Malaysian,Regular,1
470,Li Zhang,+8603537014,Chinese,Regular,1
471,สมหญิง ศรีสุข,0866945941,Thai,Regular,2
472,ปรีชา รักเรียน,0884061298,Thai,Regular,1
473,Li Liu,+8683532820,Chinese,Regular,1
474,Li Wang,+8668095982,Chinese,Regular,2
475,Seo-yeon Kim,+8239529719,Korean,Regular,1
476,ธนากร ศรีสุข,0855032672,Thai,Regular,1
477,Xiu Chen,+8628013881,Chinese,Regular,1
478,Min-jun Jung,+8267164989,Korean,Regular,1
479,Rajesh Singh,+9115287792,Indian,Regular,1
480,Jing Chen,+8623440452,Chinese,Regular,1
481,กมลวรรณ บุญมี,0877362264,Thai,Regular,1
482,Hui Wang,+8682760044,Chinese,Regular,1
483,Tan Kumar,+6003408358,Malaysian,Regular,1
484,ปรีชา วงศ์วิวัฒน์,0855368242,Thai,Regular,1
485,Tan Cheah,+6025668534,Malaysian,Regular,1
486,ธนากร ทองดี,0822335416,Thai,Regular,1
487,Jing Zhao,+8663316056,Chinese,Regular,1
488,อรวรรณ แสงจันทร์,0877330272,Thai,Regular,2
489,กมลวรรณ อินทรีย์,0853900937,Thai,Regular,1
490,Yan Yang,+8627158379,Chinese,Regular,1
491,Rahul Kumar,+9170605484,Indian,Regular,1
492,Jack Anderson,+6188257836,Australian,Regular,1
493,พิมพ์ใจ สายทอง,0819854473,Thai,Regular,1
494,ปรีชา พงษ์พันธ์,0805238528,Thai,Regular,1
495,Lei Zhang,+8682652950,Chinese,Regular,1
496,พิมพ์ใจ แสงจันทร์,0838126666,Thai,Regular,1
497,กมลวรรณ ทองดี,0885679352,Thai,Regular,1
498,Sarah Johnson,+128628328,American,Regular,1
499,Aoi Sato,+8130054446,Japanese,Regular,1
500,Faizal Kumar,+6097079212,Malaysian,Regular,1
501,Wei Yang,+8647167636,Chinese,Regular,1
502,Amit Gupta,+9155766273,Indian,Regular,1
503,วิชัย ทองดี,0870598982,Thai,Regular,1
504,พิมพ์ใจ ศรีสุข,0851985631,Thai,Regular,1
505,Rajesh Singh,+9159824695,Indian,Regular,2
506,ปรีชา ศรีสุข,0898809069,Thai,Regular,1
507,Haruto Sato,+8160948579,Japanese,Regular,1
508,Nurul Ibrahim,+6075639244,Malaysian,Regular,1
509,Li Chen,+8650760613,Chinese,Regular,1
510,Vikram Patel,+9198263090,Indian,Regular,2
511,Sakura Takahashi,+8154061363,Japanese,Regular,1
512,ธนากร สายทอง,0864922087,Thai,Regular,1
513,Dmitry Kuznetsova,+779617927,Russian,Regular,1
514,Hui Zhang,+8653457224,Chinese,Regular,1
515,พิมพ์ใจ รักเรียน,0870051483,Thai,Regular,1
516,อรวรรณ ใจดี,0897205022,Thai,Regular,1
517,Ashley Johnson,+157899858,American,Regular,1
518,Xiu Liu,+8666386944,Chinese,Regular,1
519,Yui Watanabe,+8111546003,Japanese,Regular,1
520,Seo-yeon Jung,+8250345424,Korean,Regular,1
521,Chloe Anderson,+6100884925,Australian,Regular,1
522,Min-jun Jung,+8292844810,Korean,Regular,1
523,สมหญิง ศรีสุข,0864659070,Thai,Regular,1
524,Faizal Rahman,+6003795487,Malaysian,Regular,2
525,Xiu Yang,+8621820731,Chinese,Regular,1
526,กมลวรรณ พงษ์พันธ์,0880883142,Thai,Regular,1
527,Ming Wang,+8669039368,Chinese,Regular,1
528,Marie Schneider,+4956049997,German,Regular,1
529,Rajesh Sharma,+9163998560,Indian,Regular,1
530,Lim Kumar,+6085012280,Malaysian,Regular,1
531,Yan Zhang,+8627518724,Chinese,Regular,1
532,Shermaine Ng,+6547083286,Singaporean,Regular,1
533,ปรีชา ใจดี,0822904958,Thai,Regular,1
534,Xiu Liu,+8601004781,Chinese,Regular,1
535,มานี แสงจันทร์,0862711355,Thai,Regular,1
536,Jing Chen,+8664963559,Chinese,Regular,1
537,Jessica Davis,+129747094,American,Regular,1
538,Wei Ming Ng,+6540965762,Singaporean,Regular,1
539,Harry Brown,+4467312458,British,Regular,1
540,Anjali Sharma,+9120246990,Indian,Regular,1
541,Sophie Jones,+4493888611,British,Regular,1
542,Yan Huang,+8673503713,Chinese,Regular,1
543,Ivan Petrov,+780081062,Russian,Regular,1
544,Emma Davies,+4448031153,British,Regular,1
545,Jing Zhang,+8610937797,Chinese,Regular,1
546,Jing Zhang,+8678463523,Chinese,Regular,1
547,Min-jun Kim,+8266144814,Korean,Regular,1
548,สมชาย ศรีสุข,0817934583,Thai,Regular,1
549,Nurul Wong,+6019540580,Malaysian,Regular,1
550,Ren Takahashi,+8164798989,Japanese,Regular,1
551,Sergei Volkov,+762053653,Russian,Regular,1
552,Lei Liu,+8660841722,Chinese,Regular,2
553,สมชาย ใจดี,0805628608,Thai,Regular,2
554,Priya Kumar,+9176128741,Indian,Regular,1
555,Tan Kumar,+6095731191,Malaysian,Regular,1
556,Seo-yeon Choi,+8269333401,Korean,Regular,1
557,Ekaterina Kuznetsova,+778187531,Russian,Regular,1
558,Tan Ibrahim,+6097417040,Malaysian,Regular,1
559,Wei Zhang,+8632270534,Chinese,Regular,1
560,ศิริพร ใจดี,0819859414,Thai,Regular,1
561,Sergei Smirnov,+722684653,Russian,Regular,1
562,ศิริพร อินทรีย์,0885901920,Thai,Regular,1
563,Ivan Ivanova,+759151400,Russian,Regular,1
564,Hui Zhang,+8693774944,Chinese,Regular,1
565,Ahmad Rahman,+6042007843,Malaysian,Regular,1
566,Amit Reddy,+9152709792,Indian,Regular,1
567,Hui Zhao,+8630668695,Chinese,Regular,1
568,Shermaine Koh,+6574467895,Singaporean,Regular,1
569,Tan Kumar,+6066010323,Malaysian,Regular,1
570,ณัฐพล อินทรีย์,0823916701,Thai,Regular,1
571,Tan Kumar,+6001573556,Malaysian,Regular,2
572,Aoi Suzuki,+8123031892,Japanese,Regular,1
573,ธนากร วงศ์วิวัฒน์,0895960071,Thai,Regular,1
574,Wei Liu,+8690929599,Chinese,Regular,1
575,Min-jun Kang,+8233381061,Korean,Regular,1
576,มานี พงษ์พันธ์,0835000148,Thai,Regular,1
577,ปรีชา สายทอง,0898434145,Thai,Regular,1
578,Seo-yeon Lee,+8240726541,Korean,Regular,1
579,Wei Yang,+8688424530,Chinese,Regular,1
580,Neha Gupta,+9187910372,Indian,Regular,1
581,Siti Wong,+6037379753,Malaysian,Regular,2
582,ณัฐพล อินทรีย์,0814140286,Thai,Regular,1
583,Chris Johnson,+190715870,American,Regular,1
584,Lim Ibrahim,+6061653558,Malaysian,Regular,1
585,Priya Singh,+9183628544,Indian,Regular,1
586,Ashley Williams,+106048002,American,Regular,1
587,Sergei Smirnov,+748920053,Russian,Regular,2
588,Sarah Williams,+147392027,American,Regular,1
589,Lim Cheah,+6027457597,Malaysian,Regular,1
590,Wei Liu,+8611736072,Chinese,Regular,1
591,Jessica Williams,+156386199,American,Regular,1
592,กมลวรรณ บุญมี,0844098816,Thai,Regular,1
593,Amit Reddy,+9146889275,Indian,Regular,1
594,ณัฐพล พงษ์พันธ์,0847788668,Thai,Regular,1
595,Siti Ibrahim,+6091562309,Malaysian,Regular,1
596,อรวรรณ อินทรีย์,0874923135,Thai,Regular,1
597,Charlotte Davies,+4410512051,British,Regular,1
598,Xiu Liu,+8649916785,Chinese,Regular,1
599,มานี พงษ์พันธ์,0854735690,Thai,Regular,1
600,Neha Reddy,+9112916976,Indian,Regular,1
601,Wei Zhang,+8634033564,Chinese,Regular,2
602,พิมพ์ใจ วงศ์วิวัฒน์,0800986382,Thai,Regular,1
603,Ha-eun Jung,+8246341250,Korean,Regular,2
604,Daniel Koh,+6527867846,Singaporean,Regular,1
605,Rajesh Gupta,+9179125107,Indian,Regular,1
606,Mei Ling Ibrahim,+6014545217,Malaysian,Regular,1
607,วิชัย แสงจันทร์,0891841167,Thai,Regular,1
608,ธนากร ใจดี,0887074552,Thai,Regular,1
609,Dmitry Volkov,+749397583,Russian,Regular,1
610,ศิริพร พงษ์พันธ์,0858321881,Thai,Regular,1
611,Harry Taylor,+4450305786,British,Regular,1
612,Vikram Kumar,+9148726414,Indian,Regular,1
613,สมหญิง ใจดี,0881739027,Thai,Regular,1
614,Rahul Sharma,+9158230976,Indian,Regular,2
615,วิชัย พงษ์พันธ์,0868348048,Thai,Regular,1
616,สมหญิง ศรีสุข,0822820916,Thai,Regular,1
617,Jing Huang,+8624369006,Chinese,Regular,1
618,Lei Zhao,+8614490151,Chinese,Regular,1
619,Ahmad Cheah,+6096437094,Malaysian,Regular,2
620,Priya Patel,+9160096739,Indian,Regular,1
621,Mia Anderson,+6138499803,Australian,Regular,1
622,Ahmad Wong,+6045353673,Malaysian,Regular,1
623,Lukas Schmidt,+4909238694,German,Regular,1
624,Ren Takahashi,+8167236007,Japanese,Regular,1
625,Ji-woo Kang,+8247529935,Korean,Regular,2
626,ณัฐพล ทองดี,0833719186,Thai,Regular,1
627,สมหญิง ใจดี,0809506668,Thai,Regular,1
628,ศิริพร แสงจันทร์,0850128082,Thai,Regular,2
629,Sergei Volkov,+757150519,Russian,Regular,1
630,ศิริพร ใจดี,0846522903,Thai,Regular,1
631,Jing Yang,+8638215079,Chinese,Regular,1
632,วิชัย อินทรีย์,0878052661,Thai,Regular,1
633,สมชาย วงศ์วิวัฒน์,0889338527,Thai,Regular,1
634,Michael Johnson,+121004265,American,Regular,1
635,วิชัย รักเรียน,0800528231,Thai,Regular,1
636,Ryan Teo,+6504523868,Singaporean,Regular,1
637,วิชัย บุญมี,0835285345,Thai,Regular,1
638,จิรายุ ใจดี,0868797359,Thai,Regular,1
639,Ji-woo Jung,+8202249019,Korean,Regular,1
640,Yui Suzuki,+8152007307,Japanese,Regular,1
641,ปรีชา ทองดี,0866190690,Thai,Regular,1
642,Olga Petrov,+772271864,Russian,Regular,1
643,Chloe White,+6193638495,Australian,Regular,1
644,มานี รักเรียน,0864957596,Thai,Regular,1
645,Charlotte Wilson,+4431730588,British,Regular,1
646,สมหญิง แสงจันทร์,0831577878,Thai,Regular,1
647,Min-jun Jung,+8252146798,Korean,Regular,1
648,Dmitry Smirnov,+707097449,Russian,Regular,1
649,อรวรรณ รักเรียน,0809078773,Thai,Regular,1
650,Li Huang,+8621856114,Chinese,Regular,1
651,พิมพ์ใจ รักเรียน,0874279774,Thai,Regular,1
652,สมหญิง บุญมี,0845049456,Thai,Regular,1
653,Min-jun Jung,+8252393134,Korean,Regular,1
654,Mei Ling Rahman,+6021078581,Malaysian,Regular,1
655,สมหญิง บุญมี,0863416980,Thai,Regular,1
656,Liam Harris,+6117700640,Australian,Regular,1
657,Marie Schmidt,+4916303146,German,Regular,1
658,Yan Huang,+8646570632,Chinese,Regular,1
659,กมลวรรณ ใจดี,0846894962,Thai,Regular,1
660,Jing Zhao,+8661059220,Chinese,Regular,1
661,Marie Fischer,+4933440578,German,Regular,1
662,Ekaterina Ivanova,+718926690,Russian,Regular,1
663,Siti Ibrahim,+6003784872,Malaysian,Regular,1
664,ปรีชา พงษ์พันธ์,0836515140,Thai,Regular,1
665,Ahmad Kumar,+6055906675,Malaysian,Regular,1
666,พิมพ์ใจ พงษ์พันธ์,0809143505,Thai,Regular,1
667,Anna Weber,+4987598209,German,Regular,1
668,พิมพ์ใจ วงศ์วิวัฒน์,0823659225,Thai,Regular,1
669,Liam Harris,+6186549421,Australian,Regular,1
670,Vikram Singh,+9132624968,Indian,Regular,1
671,Priya Kumar,+9185742744,Indian,Regular,1
672,Lim Cheah,+6086684505,Malaysian,Regular,1
673,Zoe Anderson,+6148233474,Australian,Regular,1
674,Seo-yeon Choi,+8213466857,Korean,Regular,1
675,Ethan Thompson,+6125186217,Australian,Regular,1
676,Lei Yang,+8602157470,Chinese,Regular,1
677,Xiu Huang,+8662129381,Chinese,Regular,1
678,สมชาย วงศ์วิวัฒน์,0839148654,Thai,Regular,1
679,Yan Liu,+8676910547,Chinese,Regular,1
680,อรวรรณ แสงจันทร์,0887423025,Thai,Regular,1
681,Min-jun Jung,+8260272223,Korean,Regular,1
682,James Brown,+4458495630,British,Regular,1
683,Wei Ming Goh,+6507799072,Singaporean,Regular,1
684,Wei Ming Tan,+6509847031,Singaporean,Regular,1
685,Lei Yang,+8603188661,Chinese,Regular,1
686,ปรีชา พงษ์พันธ์,0828897720,Thai,Regular,1
687,Lei Liu,+8661608728,Chinese,Regular,1
688,Jia Hui Tan,+6524141673,Singaporean,Regular,1
689,Ethan White,+6108969556,Australian,Regular,1
690,อรวรรณ สายทอง,0892958597,Thai,Regular,1
691,Amit Singh,+9116468452,Indian,Regular,1
692,Ahmad Wong,+6026118474,Malaysian,Regular,1
693,จิรายุ ศรีสุข,0837286127,Thai,Regular,1
694,Lukas Schneider,+4989429746,German,Regular,1
695,Sergei Petrov,+775695266,Russian,Regular,1
696,Rahul Gupta,+9128128516,Indian,Regular,1
697,Charlotte Taylor,+4401662071,British,Regular,1
698,Lei Huang,+8625767492,Chinese,Regular,1
699,Amit Singh,+9142588778,Indian,Regular,1
700,Li Zhao,+8651976666,Chinese,Regular,1
701,ปรีชา พงษ์พันธ์,0835513204,Thai,Regular,1
702,Siti Rahman,+6007540384,Malaysian,Regular,1
703,Li Yang,+8697412141,Chinese,Regular,1
704,Dmitry Kuznetsova,+722857607,Russian,Regular,1
705,สมชาย สายทอง,0849077999,Thai,Regular,1
706,Shermaine Ng,+6545656906,Singaporean,Regular,1
707,สมหญิง แสงจันทร์,0804881323,Thai,Regular,1
708,Mei Ling Abdullah,+6039715499,Malaysian,Regular,1
709,Ha-eun Kim,+8266229698,Korean,Regular,1
710,Siti Ibrahim,+6093473811,Malaysian,Regular,1
711,Charlotte Smith,+4478433782,British,Regular,1
712,Ahmad Rahman,+6044727054,Malaysian,Regular,1
713,Ryan Lim,+6563944703,Singaporean,Regular,1
714,ธนากร รักเรียน,0882822832,Thai,Regular,1
715,กมลวรรณ แสงจันทร์,0888022503,Thai,Regular,1
716,Min-jun Lee,+8209725034,Korean,Regular,1
717,ปรีชา ใจดี,0849991292,Thai,Regular,1
718,Ryan Goh,+6522444359,Singaporean,Regular,1
719,วิชัย ศรีสุข,0867137457,Thai,Regular,1
720,ธนากร วงศ์วิวัฒน์,0854974397,Thai,Regular,1
721,Siti Cheah,+6001844383,Malaysian,Regular,1
722,Vikram Singh,+9165969383,Indian,Regular,1
723,Ryan Teo,+6537442261,Singaporean,Regular,1
724,Mei Ling Kumar,+6076497113,Malaysian,Regular,1
725,Nurul Cheah,+6027224294,Malaysian,Regular,1
726,วิชัย ใจดี,0858525431,Thai,Regular,1
727,วิชัย ใจดี,0854697878,Thai,Regular,1
728,ณัฐพล บุญมี,0859886303,Thai,Regular,1
729,Jing Liu,+8682375019,Chinese,Regular,1
730,Siti Ibrahim,+6038064552,Malaysian,Regular,1
731,Xiu Wang,+8662988050,Chinese,Regular,1
732,Li Liu,+8628755404,Chinese,Regular,1
733,Zoe Thompson,+6158668908,Australian,Regular,1
734,กมลวรรณ แสงจันทร์,0890824012,Thai,Regular,1
735,พิมพ์ใจ วงศ์วิวัฒน์,0830957699,Thai,Regular,1
736,Lei Liu,+8666002108,Chinese,Regular,1
737,ศิริพร พงษ์พันธ์,0872176654,Thai,Regular,1
738,Jing Chen,+8660581286,Chinese,Regular,1
739,สมหญิง ใจดี,0846189730,Thai,Regular,1
740,Tan Abdullah,+6011263359,Malaysian,Regular,1
741,Tan Ibrahim,+6021174710,Malaysian,Regular,1
742,Lim Ibrahim,+6069234946,Malaysian,Regular,1
743,Ji-woo Lee,+8290621134,Korean,Regular,1
744,Jing Chen,+8638399493,Chinese,Regular,1
745,ธนากร ใจดี,0845246891,Thai,Regular,1
746,Wei Yang,+8682892411,Chinese,Regular,1
747,Mei Ling Abdullah,+6071787351,Malaysian,Regular,1
748,Jonas Müller,+4906321146,German,Regular,1
